Type 1,Total
Bug,378.92753623188406
Dark,445.741935483871
Dragon,550.53125
Electric,443.40909090909093
Fairy,413.1764705882353
Fighting,416.44444444444446
Fire,458.0769230769231
Flying,485.0
Ghost,439.5625
Grass,421.14285714285717
Ground,437.5
Ice,433.4583333333333
Normal,401.68367346938777
Poison,399.14285714285717
Psychic,475.94736842105266
Rock,453.75
Steel,487.7037037037037
Water,430.45535714285717
